Run,Assay Type,AvgSpotLen,Bases,BioProject,BioSample,Bytes,Center Name,Consent,DATASTORE filetype,DATASTORE provider,DATASTORE region,Experiment,GEO_Accession (exp),Instrument,LibraryLayout,LibrarySelection,LibrarySource,molecule_subtype,Organism,Platform,ReleaseDate,Sample Name,source_name,SRA Study,genotype/variation,STRAIN,Cell_Line,TISSUE,(GEO label),3' adaptor
SRR7241882,RNA-Seq,50,648243100,PRJNA473986,SAMN09288757,348520258,GEO,public,"fastq,sra","gs,ncbi,s3","gs.US,ncbi.public,s3.us-east-1",SRX4147655,GSM3168359,Illumina HiSeq 2500,SINGLE,cDNA,TRANSCRIPTOMIC,Fragmented total RNA,Saccharomyces cerevisiae,ILLUMINA,2019-01-28T00:00:00Z,GSM3168359,Whole Cells,SRP149443,Wild-Type,,,,"in vivo no_drug_NO_DMS, DMSMaP-seq",
SRR7241883,RNA-Seq,50,990978550,PRJNA473986,SAMN09288756,534964055,GEO,public,"fastq,sra","gs,ncbi,s3","gs.US,ncbi.public,s3.us-east-1",SRX4147656,GSM3168360,Illumina HiSeq 2500,SINGLE,cDNA,TRANSCRIPTOMIC,Fragmented total RNA,Saccharomyces cerevisiae,ILLUMINA,2019-01-28T00:00:00Z,GSM3168360,Whole Cells,SRP149443,Wild-Type,,,,"in vivo no_drug_300uL_DMS, DMSMaP-seq",
SRR7241884,RNA-Seq,100,2162635800,PRJNA473986,SAMN09288755,974193741,GEO,public,"fastq,sra","gs,ncbi,s3","gs.US,ncbi.public,s3.us-east-1",SRX4147657,GSM3168361,Illumina HiSeq 2500,SINGLE,cDNA,TRANSCRIPTOMIC,Fragmented total RNA,Saccharomyces cerevisiae,ILLUMINA,2019-01-28T00:00:00Z,GSM3168361,Whole Cells,SRP149443,Wild-Type,,,,"in vivo no_drug_600uL_DMS, DMSMaP-seq",
SRR7241885,RNA-Seq,100,1845186400,PRJNA473986,SAMN09288754,831462928,GEO,public,"fastq,sra","gs,ncbi,s3","gs.US,ncbi.public,s3.us-east-1",SRX4147658,GSM3168362,Illumina HiSeq 2500,SINGLE,cDNA,TRANSCRIPTOMIC,Fragmented total RNA,Saccharomyces cerevisiae,ILLUMINA,2019-01-28T00:00:00Z,GSM3168362,Whole Cells,SRP149443,Wild-Type,,,,"in vivo CHX_NO_DMS, DMSMaP-seq",
SRR7241886,RNA-Seq,100,2086268600,PRJNA473986,SAMN09288753,935750992,GEO,public,"fastq,sra","gs,ncbi,s3","gs.US,ncbi.public,s3.us-east-1",SRX4147659,GSM3168363,Illumina HiSeq 2500,SINGLE,cDNA,TRANSCRIPTOMIC,Fragmented total RNA,Saccharomyces cerevisiae,ILLUMINA,2019-01-28T00:00:00Z,GSM3168363,Whole Cells,SRP149443,Wild-Type,,,,"in vivo CHX_300uL_DMS, DMSMaP-seq",
SRR7241887,RNA-Seq,100,1240826700,PRJNA473986,SAMN09288752,560846690,GEO,public,"fastq,sra","gs,ncbi,s3","gs.US,ncbi.public,s3.us-east-1",SRX4147660,GSM3168364,Illumina HiSeq 2500,SINGLE,cDNA,TRANSCRIPTOMIC,Fragmented total RNA,Saccharomyces cerevisiae,ILLUMINA,2019-01-28T00:00:00Z,GSM3168364,Whole Cells,SRP149443,Wild-Type,,,,"in vivo CHX_600uL_DMS, DMSMaP-seq",
SRR7241888,RNA-Seq,100,2166877400,PRJNA473986,SAMN09288751,975505256,GEO,public,"fastq,sra","gs,ncbi,s3","gs.US,ncbi.public,s3.us-east-1",SRX4147661,GSM3168365,Illumina HiSeq 2500,SINGLE,cDNA,TRANSCRIPTOMIC,Fragmented total RNA,Saccharomyces cerevisiae,ILLUMINA,2019-01-28T00:00:00Z,GSM3168365,Whole Cells,SRP149443,Wild-Type,,,,"in vivo ANI_NO_DMS, DMSMaP-seq",
SRR7241889,RNA-Seq,100,1543273900,PRJNA473986,SAMN09288750,694588577,GEO,public,"fastq,sra","gs,ncbi,s3","gs.US,ncbi.public,s3.us-east-1",SRX4147662,GSM3168366,Illumina HiSeq 2500,SINGLE,cDNA,TRANSCRIPTOMIC,Fragmented total RNA,Saccharomyces cerevisiae,ILLUMINA,2019-01-28T00:00:00Z,GSM3168366,Whole Cells,SRP149443,Wild-Type,,,,"in vivo ANI_300uL_DMS, DMSMaP-seq",
SRR7241890,RNA-Seq,50,681969400,PRJNA473986,SAMN09288749,366241707,GEO,public,"fastq,sra","gs,ncbi,s3","gs.US,ncbi.public,s3.us-east-1",SRX4147663,GSM3168367,Illumina HiSeq 2500,SINGLE,cDNA,TRANSCRIPTOMIC,Fragmented total RNA,Saccharomyces cerevisiae,ILLUMINA,2019-01-28T00:00:00Z,GSM3168367,Whole Cells,SRP149443,Wild-Type,,,,"in vivo ANI_600uL_DMS, DMSMaP-seq",
SRR7241891,RNA-Seq,50,1574004900,PRJNA473986,SAMN09288748,821451224,GEO,public,"fastq,sra","gs,ncbi,s3","gs.US,ncbi.public,s3.us-east-1",SRX4147664,GSM3168368,Illumina HiSeq 2500,SINGLE,cDNA,TRANSCRIPTOMIC,Fragmented total RNA,Saccharomyces cerevisiae,ILLUMINA,2019-01-28T00:00:00Z,GSM3168368,Whole Cells,SRP149443,Wild-Type,,,,"lysate no_drug_NO_DMS, DMSMaP-seq",
SRR7241892,RNA-Seq,50,1032757150,PRJNA473986,SAMN09288747,542122101,GEO,public,"fastq,sra","gs,ncbi,s3","gs.US,ncbi.public,s3.us-east-1",SRX4147665,GSM3168369,Illumina HiSeq 2500,SINGLE,cDNA,TRANSCRIPTOMIC,Fragmented total RNA,Saccharomyces cerevisiae,ILLUMINA,2019-01-28T00:00:00Z,GSM3168369,Whole Cells,SRP149443,Wild-Type,,,,"lysate no_drug_40mM_DMS, DMSMaP-seq",
SRR7241893,RNA-Seq,50,1453399250,PRJNA473986,SAMN09288746,765079718,GEO,public,"fastq,sra","gs,ncbi,s3","gs.US,ncbi.public,s3.us-east-1",SRX4147666,GSM3168370,Illumina HiSeq 2500,SINGLE,cDNA,TRANSCRIPTOMIC,Fragmented total RNA,Saccharomyces cerevisiae,ILLUMINA,2019-01-28T00:00:00Z,GSM3168370,Whole Cells,SRP149443,Wild-Type,,,,"lysate no_drug_90mM_DMS, DMSMaP-seq",
SRR7241894,RNA-Seq,50,1363431050,PRJNA473986,SAMN09288745,717125016,GEO,public,"fastq,sra","gs,ncbi,s3","gs.US,ncbi.public,s3.us-east-1",SRX4147667,GSM3168371,Illumina HiSeq 2500,SINGLE,cDNA,TRANSCRIPTOMIC,Fragmented total RNA,Saccharomyces cerevisiae,ILLUMINA,2019-01-28T00:00:00Z,GSM3168371,Whole Cells,SRP149443,Wild-Type,,,,"lysate ANI_NO_DMS, DMSMaP-seq",
SRR7241895,RNA-Seq,50,1438342450,PRJNA473986,SAMN09288743,751511940,GEO,public,"fastq,sra","gs,ncbi,s3","gs.US,ncbi.public,s3.us-east-1",SRX4147668,GSM3168372,Illumina HiSeq 2500,SINGLE,cDNA,TRANSCRIPTOMIC,Fragmented total RNA,Saccharomyces cerevisiae,ILLUMINA,2019-01-28T00:00:00Z,GSM3168372,Whole Cells,SRP149443,Wild-Type,,,,"lysate ANI_40mM_DMS, DMSMaP-seq",
SRR7241896,RNA-Seq,50,1244618250,PRJNA473986,SAMN09288742,654568676,GEO,public,"fastq,sra","gs,ncbi,s3","gs.US,ncbi.public,s3.us-east-1",SRX4147669,GSM3168373,Illumina HiSeq 2500,SINGLE,cDNA,TRANSCRIPTOMIC,Fragmented total RNA,Saccharomyces cerevisiae,ILLUMINA,2019-01-28T00:00:00Z,GSM3168373,Whole Cells,SRP149443,Wild-Type,,,,"lysate ANI_90mM_DMS, DMSMaP-seq",
SRR7241897,RNA-Seq,50,725589250,PRJNA473988,SAMN09288731,347217596,GEO,public,"fastq,sra","gs,ncbi,s3","gs.US,ncbi.public,s3.us-east-1",SRX4147670,GSM3168374,Illumina HiSeq 2500,SINGLE,cDNA,TRANSCRIPTOMIC,Fragmented total RNA,Saccharomyces cerevisiae,ILLUMINA,2019-01-28T00:00:00Z,GSM3168374,Whole Cells,SRP149444,Wild-Type,,,,"lysate dilute no_drug_NO_DMS, DMSMaP-seq",
SRR7241898,RNA-Seq,50,897634550,PRJNA473988,SAMN09288730,430261611,GEO,public,"fastq,sra","gs,ncbi,s3","gs.US,ncbi.public,s3.us-east-1",SRX4147671,GSM3168375,Illumina HiSeq 2500,SINGLE,cDNA,TRANSCRIPTOMIC,Fragmented total RNA,Saccharomyces cerevisiae,ILLUMINA,2019-01-28T00:00:00Z,GSM3168375,Whole Cells,SRP149444,Wild-Type,,,,"lysate dilute no_drug_40mM_DMS, DMSMaP-seq",
SRR7241899,RNA-Seq,50,663889950,PRJNA473988,SAMN09288729,318565217,GEO,public,"fastq,sra","gs,ncbi,s3","gs.US,ncbi.public,s3.us-east-1",SRX4147672,GSM3168376,Illumina HiSeq 2500,SINGLE,cDNA,TRANSCRIPTOMIC,Fragmented total RNA,Saccharomyces cerevisiae,ILLUMINA,2019-01-28T00:00:00Z,GSM3168376,Whole Cells,SRP149444,Wild-Type,,,,"lysate dilute no_drug_90mM_DMS, DMSMaP-seq",
SRR7241900,RNA-Seq,50,711010750,PRJNA473988,SAMN09288741,342321871,GEO,public,"fastq,sra","gs,ncbi,s3","gs.US,ncbi.public,s3.us-east-1",SRX4147673,GSM3168377,Illumina HiSeq 2500,SINGLE,cDNA,TRANSCRIPTOMIC,Fragmented total RNA,Saccharomyces cerevisiae,ILLUMINA,2019-01-28T00:00:00Z,GSM3168377,Whole Cells,SRP149444,Wild-Type,,,,"lysate dilute TIG_NO_DMS, DMSMaP-seq",
SRR7241901,RNA-Seq,50,707825500,PRJNA473988,SAMN09288740,337858121,GEO,public,"fastq,sra","gs,ncbi,s3","gs.US,ncbi.public,s3.us-east-1",SRX4147674,GSM3168378,Illumina HiSeq 2500,SINGLE,cDNA,TRANSCRIPTOMIC,Fragmented total RNA,Saccharomyces cerevisiae,ILLUMINA,2019-01-28T00:00:00Z,GSM3168378,Whole Cells,SRP149444,Wild-Type,,,,"lysate dilute TIG_40mM_DMS, DMSMaP-seq",
SRR7241902,RNA-Seq,50,625642700,PRJNA473988,SAMN09288734,301533493,GEO,public,"fastq,sra","gs,ncbi,s3","gs.US,ncbi.public,s3.us-east-1",SRX4147675,GSM3168379,Illumina HiSeq 2500,SINGLE,cDNA,TRANSCRIPTOMIC,Fragmented total RNA,Saccharomyces cerevisiae,ILLUMINA,2019-01-28T00:00:00Z,GSM3168379,Whole Cells,SRP149444,Wild-Type,,,,"lysate dilute TIG_90mM_DMS, DMSMaP-seq",
SRR7241905,RNA-Seq,50,2158961200,PRJNA473987,SAMN09288728,1226429467,GEO,public,"fastq,sra","gs,ncbi,s3","gs.US,ncbi.public,s3.us-east-1",SRX4147678,GSM3168382,Illumina HiSeq 2500,SINGLE,cDNA,TRANSCRIPTOMIC,Ribosome Protected mRNA (15-34 nt),Saccharomyces cerevisiae,ILLUMINA,2019-01-28T00:00:00Z,GSM3168382,Whole Cells,SRP149445,,yCW19,,,3AT_CHX,CTGTAGGCACCATCAAT
SRR8093860,RNA-Seq,50,2733404800,PRJNA473987,SAMN10278472,1486100630,GEO,public,"fastq,sra","gs,ncbi,s3","gs.US,ncbi.public,s3.us-east-1",SRX4920718,GSM3442053,Illumina HiSeq 2500,SINGLE,cDNA,TRANSCRIPTOMIC,Ribosome Protected mRNA (15-34 nt),Saccharomyces cerevisiae,ILLUMINA,2019-01-28T00:00:00Z,GSM3442053,Whole Cells,SRP149445,,yCW19,,,3AT_CHX2,CTGTAGGCACCATCAAT
SRR7241908,RNA-Seq,50,2334382400,PRJNA473987,SAMN09288725,1211121298,GEO,public,"fastq,sra","gs,ncbi,s3","gs.US,ncbi.public,s3.us-east-1",SRX4147681,GSM3168385,Illumina HiSeq 2500,SINGLE,cDNA,TRANSCRIPTOMIC,Ribosome Protected mRNA (15-34 nt),Saccharomyces cerevisiae,ILLUMINA,2019-01-28T00:00:00Z,GSM3168385,Whole Cells,SRP149445,,yKW13,,,eRF1 depletion CHX replicate 1,CTGTAGGCACCATCAAT
SRR7241909,RNA-Seq,50,1645817650,PRJNA473987,SAMN09288724,986504509,GEO,public,"fastq,sra","gs,ncbi,s3","gs.US,ncbi.public,s3.us-east-1",SRX4147682,GSM3168386,Illumina HiSeq 2500,SINGLE,cDNA,TRANSCRIPTOMIC,Ribosome Protected mRNA (15-34 nt),Saccharomyces cerevisiae,ILLUMINA,2019-01-28T00:00:00Z,GSM3168386,Whole Cells,SRP149445,,yKW13,,,eRF1 depletion CHX replicate 2,CTGTAGGCACCATCAAT
SRR7241907,RNA-Seq,50,1037680700,PRJNA473987,SAMN09288726,508598242,GEO,public,"fastq,sra","gs,ncbi,s3","gs.US,ncbi.public,s3.us-east-1",SRX4147680,GSM3168384,Illumina HiSeq 2500,SINGLE,cDNA,TRANSCRIPTOMIC,Ribosome Protected mRNA (15-34 nt),Saccharomyces cerevisiae,ILLUMINA,2019-01-28T00:00:00Z,GSM3168384,Whole Cells,SRP149445,,Wild-Type,,,vector_CHX,CTGTAGGCACCATCAAT
SRR7241903,RNA-Seq,50,2707850500,PRJNA473987,SAMN09288733,1573293494,GEO,public,"fastq,sra","gs,ncbi,s3","gs.US,ncbi.public,s3.us-east-1",SRX4147676,GSM3168380,Illumina HiSeq 2500,SINGLE,cDNA,TRANSCRIPTOMIC,Ribosome Protected mRNA (15-34 nt),Saccharomyces cerevisiae,ILLUMINA,2019-01-28T00:00:00Z,GSM3168380,Whole Cells,SRP149445,,yCW30,,,WT_CHX1,CTGTAGGCACCATCAAT
SRR7241904,RNA-Seq,50,1627415750,PRJNA473987,SAMN09288732,672586540,GEO,public,sra,"gs,ncbi,s3","gs.US,ncbi.public,s3.us-east-1",SRX4147677,GSM3168381,Illumina HiSeq 2500,SINGLE,cDNA,TRANSCRIPTOMIC,Ribosome Protected mRNA (15-34 nt),Saccharomyces cerevisiae,ILLUMINA,2019-01-28T00:00:00Z,GSM3168381,Whole Cells,SRP149445,,yCW30,,,WT_CHX2,CTGTAGGCACCATCAAT
SRR7241918,RNA-Seq,50,1136933550,PRJNA473989,SAMN09288715,641790152,GEO,public,"fastq,sra","gs,ncbi,s3","gs.US,ncbi.public,s3.us-east-1",SRX4147691,GSM3168395,Illumina HiSeq 2500,SINGLE,cDNA,TRANSCRIPTOMIC,Ribosome Protected mRNA (15-34 nt),Saccharomyces cerevisiae,ILLUMINA,2019-01-28T00:00:00Z,GSM3168395,3-AT CHXTIG profiling,SRP149446,,yCW19,,,3-AT CHXTIG profiling,NNNNNNCACTCGGGCACCAAGGA
SRR7241910,RNA-Seq,50,1350133700,PRJNA473989,SAMN09288723,659199636,GEO,public,"fastq,sra","gs,ncbi,s3","gs.US,ncbi.public,s3.us-east-1",SRX4147683,GSM3168387,Illumina HiSeq 2500,SINGLE,cDNA,TRANSCRIPTOMIC,Ribosome Protected mRNA (15-34 nt),Homo sapiens,ILLUMINA,2019-01-28T00:00:00Z,GSM3168387,MDA-MB-231 ribosome profiling,SRP149446,,,MDA-MB-231,,MDA-MB-231 ribosome profiling,
SRR7241911,RNA-Seq,50,3820411950,PRJNA473989,SAMN09288722,1744253035,GEO,public,"fastq,sra","gs,ncbi,s3","gs.US,ncbi.public,s3.us-east-1",SRX4147684,GSM3168388,Illumina HiSeq 2500,SINGLE,cDNA,TRANSCRIPTOMIC,Ribosome Protected mRNA (15-34 nt),Caenorhabditis elegans,ILLUMINA,2019-01-28T00:00:00Z,GSM3168388,C. elegans embryos ribosome profiling,SRP149446,,,,embryos,C. elegans embryos ribosome profiling,
SRR7241912,RNA-Seq,50,2695147350,PRJNA473989,SAMN09288721,1281562260,GEO,public,"fastq,sra","gs,ncbi,s3","gs.US,ncbi.public,s3.us-east-1",SRX4147685,GSM3168389,Illumina HiSeq 2500,SINGLE,cDNA,TRANSCRIPTOMIC,Ribosome Protected mRNA (15-34 nt),Homo sapiens,ILLUMINA,2019-01-28T00:00:00Z,GSM3168389,HeLa ribosome profiling,SRP149446,,,HeLa,,HeLa ribosome profiling 1,
SRR7241913,RNA-Seq,50,2262114650,PRJNA473989,SAMN09288720,1257400282,GEO,public,"fastq,sra","gs,ncbi,s3","gs.US,ncbi.public,s3.us-east-1",SRX4147686,GSM3168390,Illumina HiSeq 2500,SINGLE,cDNA,TRANSCRIPTOMIC,Ribosome Protected mRNA (15-34 nt),Homo sapiens,ILLUMINA,2019-01-28T00:00:00Z,GSM3168390,HeLa ribosome profiling,SRP149446,,,HeLa,,HeLa ribosome profiling 2,
SRR7241914,RNA-Seq,50,1057982150,PRJNA473989,SAMN09288719,518753137,GEO,public,"fastq,sra","gs,ncbi,s3","gs.US,ncbi.public,s3.us-east-1",SRX4147687,GSM3168391,Illumina HiSeq 2500,SINGLE,cDNA,TRANSCRIPTOMIC,Ribosome Protected mRNA (15-34 nt),Homo sapiens,ILLUMINA,2019-01-28T00:00:00Z,GSM3168391,HeLa Gln starvation 6hr,SRP149446,,,HeLa,,HeLa Gln starvation 6hr,
SRR7241915,RNA-Seq,50,1093285000,PRJNA473989,SAMN09288718,518935920,GEO,public,"fastq,sra","gs,ncbi,s3","gs.US,ncbi.public,s3.us-east-1",SRX4147688,GSM3168392,Illumina HiSeq 2500,SINGLE,cDNA,TRANSCRIPTOMIC,Ribosome Protected mRNA (15-34 nt),Homo sapiens,ILLUMINA,2019-01-28T00:00:00Z,GSM3168392,HeLa Gln starvation 6hr CHXTIG,SRP149446,,,HeLa,,HeLa Gln starvation 6hr CHXTIG,
SRR7241916,RNA-Seq,50,1064851850,PRJNA473989,SAMN09288717,580984522,GEO,public,"fastq,sra","gs,ncbi,s3","gs.US,ncbi.public,s3.us-east-1",SRX4147689,GSM3168393,Illumina HiSeq 2500,SINGLE,cDNA,TRANSCRIPTOMIC,Ribosome Protected mRNA (15-34 nt),Homo sapiens,ILLUMINA,2019-01-28T00:00:00Z,GSM3168393,HeLa Gln starvation 9hr,SRP149446,,,HeLa,,HeLa Gln starvation 9hr,
SRR8093857,RNA-Seq,50,1405873050,PRJNA473989,SAMN10278469,732880940,GEO,public,"fastq,sra","gs,ncbi,s3","gs.US,ncbi.public,s3.us-east-1",SRX4920715,GSM3442056,Illumina HiSeq 2500,SINGLE,cDNA,TRANSCRIPTOMIC,Ribosome Protected mRNA (15-34 nt),Saccharomyces cerevisiae,ILLUMINA,2019-01-28T00:00:00Z,GSM3442056,3AT_CHXTIG profiling,SRP149446,,yCW19,,,3AT_CHXTIG profiling 2,NNNNNNCACTCGGGCACCAAGGA
SRR8093855,RNA-Seq,50,1128346000,PRJNA473989,SAMN10278471,643210031,GEO,public,"fastq,sra","gs,ncbi,s3","gs.US,ncbi.public,s3.us-east-1",SRX4920713,GSM3442054,Illumina HiSeq 2500,SINGLE,cDNA,TRANSCRIPTOMIC,Ribosome Protected mRNA (15-34 nt),Saccharomyces cerevisiae,ILLUMINA,2019-01-28T00:00:00Z,GSM3442054,gamma toxin CHXTIG profiling,SRP149446,,yCW66,,,gamma toxin CHXTIG profiling 1,NNNNNNCACTCGGGCACCAAGGA
SRR8093856,RNA-Seq,50,1628097250,PRJNA473989,SAMN10278470,861961558,GEO,public,"fastq,sra","gs,ncbi,s3","gs.US,ncbi.public,s3.us-east-1",SRX4920714,GSM3442055,Illumina HiSeq 2500,SINGLE,cDNA,TRANSCRIPTOMIC,Ribosome Protected mRNA (15-34 nt),Saccharomyces cerevisiae,ILLUMINA,2019-01-28T00:00:00Z,GSM3442055,gamma toxin CHXTIG profiling,SRP149446,,yCW66,,,gamma toxin CHXTIG profiling 2,NNNNNNCACTCGGGCACCAAGGA
SRR7241932,RNA-Seq,50,1239325000,PRJNA473989,SAMN09288739,697571725,GEO,public,"fastq,sra","gs,ncbi,s3","gs.US,ncbi.public,s3.us-east-1",SRX4147705,GSM3168409,Illumina HiSeq 2500,SINGLE,cDNA,TRANSCRIPTOMIC,Ribosome Protected mRNA (15-34 nt),Saccharomyces cerevisiae,ILLUMINA,2019-01-28T00:00:00Z,GSM3168409,rck2? hyperosmotic stress profiling,SRP149446,rck2{delta},,,,rck2∆ hyperosmotic stress profiling 1,NNNNNNCACTCGGGCACCAAGGA
SRR7241933,RNA-Seq,50,1669104700,PRJNA473989,SAMN09288738,909700957,GEO,public,"fastq,sra","gs,ncbi,s3","gs.US,ncbi.public,s3.us-east-1",SRX4147706,GSM3168410,Illumina HiSeq 2500,SINGLE,cDNA,TRANSCRIPTOMIC,Ribosome Protected mRNA (15-34 nt),Saccharomyces cerevisiae,ILLUMINA,2019-01-28T00:00:00Z,GSM3168410,rck2? hyperosmotic stress profiling,SRP149446,rck2{delta},,,,rck2∆ hyperosmotic stress profiling 2,NNNNNNCACTCGGGCACCAAGGA
SRR7241928,RNA-Seq,50,1210965150,PRJNA473989,SAMN09288736,680644575,GEO,public,"fastq,sra","gs,ncbi,s3","gs.US,ncbi.public,s3.us-east-1",SRX4147701,GSM3168405,Illumina HiSeq 2500,SINGLE,cDNA,TRANSCRIPTOMIC,Ribosome Protected mRNA (15-34 nt),Saccharomyces cerevisiae,ILLUMINA,2019-01-28T00:00:00Z,GSM3168405,rck2? oxidative stress profiling,SRP149446,rck2{delta},,,,rck2∆ oxidative stress profiling 1,NNNNNNCACTCGGGCACCAAGGA
SRR7241929,RNA-Seq,50,1397492500,PRJNA473989,SAMN09288735,784785110,GEO,public,"fastq,sra","gs,ncbi,s3","gs.US,ncbi.public,s3.us-east-1",SRX4147702,GSM3168406,Illumina HiSeq 2500,SINGLE,cDNA,TRANSCRIPTOMIC,Ribosome Protected mRNA (15-34 nt),Saccharomyces cerevisiae,ILLUMINA,2019-01-28T00:00:00Z,GSM3168406,rck2? oxidative stress profiling,SRP149446,rck2{delta},,,,rck2∆ oxidative stress profiling 2,NNNNNNCACTCGGGCACCAAGGA
SRR7241922,RNA-Seq,50,1306573550,PRJNA473989,SAMN09288711,739576159,GEO,public,"fastq,sra","gs,ncbi,s3","gs.US,ncbi.public,s3.us-east-1",SRX4147695,GSM3168399,Illumina HiSeq 2500,SINGLE,cDNA,TRANSCRIPTOMIC,Ribosome Protected mRNA (15-34 nt),Saccharomyces cerevisiae,ILLUMINA,2019-01-28T00:00:00Z,GSM3168399,Wild-Type CHXANS profiling,SRP149446,Wild-Type,,,,Wild-Type CHXANS profiling 1,NNNNNNCACTCGGGCACCAAGGA
SRR7241923,RNA-Seq,50,1563164150,PRJNA473989,SAMN09288710,885714225,GEO,public,"fastq,sra","gs,ncbi,s3","gs.US,ncbi.public,s3.us-east-1",SRX4147696,GSM3168400,Illumina HiSeq 2500,SINGLE,cDNA,TRANSCRIPTOMIC,Ribosome Protected mRNA (15-34 nt),Saccharomyces cerevisiae,ILLUMINA,2019-01-28T00:00:00Z,GSM3168400,Wild-Type CHXANS profiling,SRP149446,Wild-Type,,,,Wild-Type CHXANS profiling 2,NNNNNNCACTCGGGCACCAAGGA
SRR7241919,RNA-Seq,50,1298490750,PRJNA473989,SAMN09288714,671149011,GEO,public,"fastq,sra","gs,ncbi,s3","gs.US,ncbi.public,s3.us-east-1",SRX4147692,GSM3168396,Illumina HiSeq 2500,SINGLE,cDNA,TRANSCRIPTOMIC,Ribosome Protected mRNA (15-34 nt),Saccharomyces cerevisiae,ILLUMINA,2019-01-28T00:00:00Z,GSM3168396,Wild-Type CHXTIG profiling,SRP149446,Wild-Type,,,,Wild-Type CHXTIG profiling 1,NNNNNNCACTCGGGCACCAAGGA
SRR7241920,RNA-Seq,50,928244550,PRJNA473989,SAMN09288713,486597183,GEO,public,"fastq,sra","gs,ncbi,s3","gs.US,ncbi.public,s3.us-east-1",SRX4147693,GSM3168397,Illumina HiSeq 2500,SINGLE,cDNA,TRANSCRIPTOMIC,Ribosome Protected mRNA (15-34 nt),Saccharomyces cerevisiae,ILLUMINA,2019-01-28T00:00:00Z,GSM3168397,Wild-Type CHXTIG profiling,SRP149446,Wild-Type,,,,Wild-Type CHXTIG profiling 2,NNNNNNCACTCGGGCACCAAGGA
SRR8093858,RNA-Seq,50,1016012800,PRJNA473989,SAMN10278468,533053362,GEO,public,"fastq,sra","gs,ncbi,s3","gs.US,ncbi.public,s3.us-east-1",SRX4920716,GSM3442057,Illumina HiSeq 2500,SINGLE,cDNA,TRANSCRIPTOMIC,Ribosome Protected mRNA (15-34 nt),Saccharomyces cerevisiae,ILLUMINA,2019-01-28T00:00:00Z,GSM3442057,Wild-Type CHXTIG profiling,SRP149446,,Wild-Type,,,Wild-Type CHXTIG profiling 4,NNNNNNCACTCGGGCACCAAGGA
SRR7241930,RNA-Seq,50,1339549150,PRJNA473989,SAMN09288706,752909573,GEO,public,"fastq,sra","gs,ncbi,s3","gs.US,ncbi.public,s3.us-east-1",SRX4147703,GSM3168407,Illumina HiSeq 2500,SINGLE,cDNA,TRANSCRIPTOMIC,Ribosome Protected mRNA (15-34 nt),Saccharomyces cerevisiae,ILLUMINA,2019-01-28T00:00:00Z,GSM3168407,Wild-Type hyperosmotic stress profiling,SRP149446,Wild-Type,,,,Wild-Type hyperosmotic stress profiling 1,NNNNNNCACTCGGGCACCAAGGA
SRR7241931,RNA-Seq,50,1723712900,PRJNA473989,SAMN09288705,973398565,GEO,public,"fastq,sra","gs,ncbi,s3","gs.US,ncbi.public,s3.us-east-1",SRX4147704,GSM3168408,Illumina HiSeq 2500,SINGLE,cDNA,TRANSCRIPTOMIC,Ribosome Protected mRNA (15-34 nt),Saccharomyces cerevisiae,ILLUMINA,2019-01-28T00:00:00Z,GSM3168408,Wild-Type hyperosmotic stress profiling,SRP149446,Wild-Type,,,,Wild-Type hyperosmotic stress profiling 2,NNNNNNCACTCGGGCACCAAGGA
SRR7241926,RNA-Seq,50,1226794600,PRJNA473989,SAMN09288707,688545825,GEO,public,"fastq,sra","gs,ncbi,s3","gs.US,ncbi.public,s3.us-east-1",SRX4147699,GSM3168403,Illumina HiSeq 2500,SINGLE,cDNA,TRANSCRIPTOMIC,Ribosome Protected mRNA (15-34 nt),Saccharomyces cerevisiae,ILLUMINA,2019-01-28T00:00:00Z,GSM3168403,Wild-Type oxidative stress profiling,SRP149446,Wild-Type,,,,Wild-Type oxidative stress profiling 1,NNNNNNCACTCGGGCACCAAGGA
SRR7241927,RNA-Seq,50,1458899250,PRJNA473989,SAMN09288737,738323421,GEO,public,"fastq,sra","gs,ncbi,s3","gs.US,ncbi.public,s3.us-east-1",SRX4147700,GSM3168404,Illumina HiSeq 2500,SINGLE,cDNA,TRANSCRIPTOMIC,Ribosome Protected mRNA (15-34 nt),Saccharomyces cerevisiae,ILLUMINA,2019-01-28T00:00:00Z,GSM3168404,Wild-Type oxidative stress profiling,SRP149446,Wild-Type,,,,Wild-Type oxidative stress profiling 2,NNNNNNCACTCGGGCACCAAGGA
SRR8093859,RNA-Seq,50,1117922800,PRJNA473989,SAMN10278467,588859871,GEO,public,"fastq,sra","gs,ncbi,s3","gs.US,ncbi.public,s3.us-east-1",SRX4920717,GSM3442058,Illumina HiSeq 2500,SINGLE,cDNA,TRANSCRIPTOMIC,Ribosome Protected mRNA (15-34 nt),Saccharomyces cerevisiae,ILLUMINA,2019-01-28T00:00:00Z,GSM3442058,Wild-Type oxidative stress profiling,SRP149446,,Wild-Type,,,Wild-Type oxidative stress profiling 3,NNNNNNCACTCGGGCACCAAGGA
SRR7241924,RNA-Seq,50,991579900,PRJNA473989,SAMN09288709,486753652,GEO,public,"fastq,sra","gs,ncbi,s3","gs.US,ncbi.public,s3.us-east-1",SRX4147697,GSM3168401,Illumina HiSeq 2500,SINGLE,cDNA,TRANSCRIPTOMIC,Ribosome Protected mRNA (15-34 nt),Saccharomyces cerevisiae,ILLUMINA,2019-01-28T00:00:00Z,GSM3168401,Wild-Type stationary phase profiling,SRP149446,Wild-Type,,,,Wild-Type stationary phase profiling 1,NNNNNNCACTCGGGCACCAAGGA
SRR7241925,RNA-Seq,50,1476539550,PRJNA473989,SAMN09288708,838708522,GEO,public,"fastq,sra","gs,ncbi,s3","gs.US,ncbi.public,s3.us-east-1",SRX4147698,GSM3168402,Illumina HiSeq 2500,SINGLE,cDNA,TRANSCRIPTOMIC,Ribosome Protected mRNA (15-34 nt),Saccharomyces cerevisiae,ILLUMINA,2019-01-28T00:00:00Z,GSM3168402,Wild-Type stationary phase profiling,SRP149446,Wild-Type,,,,Wild-Type stationary phase profiling 2,NNNNNNCACTCGGGCACCAAGGA